id,clase,valor,archivo,ubicacion,veredicto_humano,nota
bord_000,borde_degenerado,0.075 cm,rand_080HTM498A_specification.json,right_btorso.8,,
bord_001,borde_degenerado,0.047 cm,rand_2HW0KFJ49O_specification.json,skirt_back.0,,
bord_002,borde_degenerado,0.497 cm,rand_3AU8D8P2KL_specification.json,left_sleeve_b.3,,
bord_003,borde_degenerado,0.146 cm,rand_3YTFHQ9LFU_specification.json,right_ftorso.5,,
bord_004,borde_degenerado,0.075 cm,rand_86YMBN1O4S_specification.json,right_btorso.8,,
bord_005,borde_degenerado,0.436 cm,rand_8J2FANKZH5_specification.json,right_ftorso.3,,
bord_006,borde_degenerado,0.496 cm,rand_BMD0266VE9_specification.json,skirt_front.5,,
bord_007,borde_degenerado,0.075 cm,rand_G9ZOGMVY3A_specification.json,left_btorso.4,,
bord_008,borde_degenerado,0.407 cm,rand_GNOE215HLP_specification.json,right_ftorso.3,,
bord_009,borde_degenerado,0.146 cm,rand_I4BM4TG27T_specification.json,right_ftorso.4,,
bord_010,borde_degenerado,0.39 cm,rand_IKQ5DA9HLG_specification.json,right_sleeve_b.1,,
bord_011,borde_degenerado,0.075 cm,rand_IW3PP5Y2TW_specification.json,right_btorso.8,,
bord_012,borde_degenerado,0.141 cm,rand_K1V9OH2SXB_specification.json,right_btorso.8,,
bord_013,borde_degenerado,0.47 cm,rand_KO6Y70ICA2_specification.json,right_ftorso.3,,
bord_014,borde_degenerado,0.075 cm,rand_LARM4BWVL6_specification.json,right_btorso.8,,
bord_015,borde_degenerado,0.358 cm,rand_LX5M5W56EU_specification.json,skirt_back.0,,
bord_016,borde_degenerado,0.075 cm,rand_MHRRSL751P_specification.json,right_btorso.8,,
bord_017,borde_degenerado,0.075 cm,rand_MZT95V5W7F_specification.json,right_btorso.9,,
bord_018,borde_degenerado,0.453 cm,rand_NA0MO7BCCX_specification.json,left_ftorso.9,,
bord_019,borde_degenerado,0.146 cm,rand_OOU0PY537C_specification.json,left_ftorso.7,,
bord_020,borde_degenerado,0.075 cm,rand_RWOZKSBDJG_specification.json,right_btorso.8,,
bord_021,borde_degenerado,0.048 cm,rand_SMV2H6X7KU_specification.json,skirt_front.1,,
bord_022,borde_degenerado,0.263 cm,rand_T539DRTFMP_specification.json,left_ftorso.9,,
bord_023,borde_degenerado,0.146 cm,rand_T9TLANV5I3_specification.json,right_ftorso.5,,
bord_024,borde_degenerado,0.334 cm,rand_TJBPZVY36S_specification.json,left_ftorso.9,,
bord_025,borde_degenerado,0.295 cm,rand_TO6DPX0VHB_specification.json,skirt_front.5,,
bord_026,borde_degenerado,0.419 cm,rand_WJ11B5PGXW_specification.json,left_sleeve_b.3,,
bord_027,borde_degenerado,0.493 cm,rand_WZJ6AQW28C_specification.json,right_ftorso.3,,
bord_028,borde_degenerado,0.456 cm,rand_XLOR2W206Y_specification.json,left_ftorso.9,,
bord_029,borde_degenerado,0.368 cm,rand_XTBGAYULF8_specification.json,left_ftorso.3,,
esqu_030,esquina_aguda,3.86 deg,rand_0G7I4E7FW9_specification.json,left_ftorso.9,,
esqu_031,esquina_aguda,14.9 deg,rand_2Y69CQ08JE_specification.json,skirt_panel_3.0,,
esqu_032,esquina_aguda,8.38 deg,rand_39XGZEX36T_specification.json,left_btorso.1,,
esqu_033,esquina_aguda,14.93 deg,rand_3G1DDHTG0K_specification.json,skirt_panel_3.0,,
esqu_034,esquina_aguda,14.93 deg,rand_3G1DDHTG0K_specification.json,skirt_panel_0.0,,
esqu_035,esquina_aguda,12.83 deg,rand_3MMOMSBIVY_specification.json,skirt_panel_7.0,,
esqu_036,esquina_aguda,4.47 deg,rand_73QYHJJHM2_specification.json,left_ftorso.9,,
esqu_037,esquina_aguda,10.92 deg,rand_95A62XA4PM_specification.json,skirt_back.1,,
esqu_038,esquina_aguda,5.61 deg,rand_BA559FHOK8_specification.json,left_btorso.1,,
esqu_039,esquina_aguda,7.83 deg,rand_BON82CXETT_specification.json,left_ftorso.3,,
esqu_040,esquina_aguda,14.92 deg,rand_C211LQ42IT_specification.json,pant_l_cuff_skirt_f.2,,
esqu_041,esquina_aguda,13.9 deg,rand_DBFOQOXOL1_specification.json,pant_l_cuff_skirt_b.0,,
esqu_042,esquina_aguda,10.71 deg,rand_DKLDFH2GNX_specification.json,right_ftorso.1,,
esqu_043,esquina_aguda,9.29 deg,rand_DSFACBRTWX_specification.json,pant_l_cuff_skirt_f.0,,
esqu_044,esquina_aguda,9.55 deg,rand_ERB6O9AEQF_specification.json,left_ftorso.9,,
esqu_045,esquina_aguda,8.85 deg,rand_FT7MY6FPZJ_specification.json,sl_right_cuff_skirt_f.0,,
esqu_046,esquina_aguda,11.85 deg,rand_IA6QPJ7RHY_specification.json,skirt_panel_8.0,,
esqu_047,esquina_aguda,11.85 deg,rand_IA6QPJ7RHY_specification.json,skirt_panel_7.0,,
esqu_048,esquina_aguda,13.75 deg,rand_KGQ7W8HHZP_specification.json,sl_right_cuff_skirt_f.0,,
esqu_049,esquina_aguda,14.37 deg,rand_LNR3CXUZBK_specification.json,left_ftorso.4,,
esqu_050,esquina_aguda,11.18 deg,rand_M47SSKWG7T_specification.json,left_btorso.1,,
esqu_051,esquina_aguda,5.63 deg,rand_NRFU803UGF_specification.json,right_btorso.3,,
esqu_052,esquina_aguda,10.71 deg,rand_S0CEA79YG6_specification.json,pant_r_cuff_skirt_b.0,,
esqu_053,esquina_aguda,10.71 deg,rand_S0CEA79YG6_specification.json,pant_l_cuff_skirt_b.0,,
esqu_054,esquina_aguda,6.4 deg,rand_TZCQIGTBOA_specification.json,sl_right_cuff_skirt_f.0,,
esqu_055,esquina_aguda,13.11 deg,rand_UO1QPIU82B_specification.json,left_ftorso.3,,
esqu_056,esquina_aguda,14.2 deg,rand_VSVNPDZU48_specification.json,skirt_panel_4.0,,
esqu_057,esquina_aguda,11.02 deg,rand_WAHTX40OEY_specification.json,skirt_back.0,,
esqu_058,esquina_aguda,10.72 deg,rand_ZDS58IDFQ8_specification.json,right_btorso.6,,
esqu_059,esquina_aguda,12.59 deg,rand_ZVELYCKU23_specification.json,sl_right_cuff_skirt_f.0,,
desa_060,desajuste_no_declarado,0.0707 rel,rand_1HYC1IS9KL_specification.json,costura 17,,
desa_061,desajuste_no_declarado,0.0194 rel,rand_1IUGN6FAZ3_specification.json,costura 44,,
desa_062,desajuste_no_declarado,0.1353 rel,rand_2YQZ16SQM1_specification.json,costura 33,,
desa_063,desajuste_no_declarado,0.0682 rel,rand_5SBAIJBN1Z_specification.json,costura 27,,
desa_064,desajuste_no_declarado,0.0479 rel,rand_6HHP248EDQ_specification.json,costura 30,,
desa_065,desajuste_no_declarado,0.0101 rel,rand_7FZAQG20A5_specification.json,costura 5,,
desa_066,desajuste_no_declarado,0.0326 rel,rand_8BJJ5DLLJR_specification.json,costura 18,,
desa_067,desajuste_no_declarado,0.068 rel,rand_93OEEYP09C_specification.json,costura 29,,
desa_068,desajuste_no_declarado,0.0489 rel,rand_F4Y219IQZR_specification.json,costura 8,,
desa_069,desajuste_no_declarado,0.0698 rel,rand_HD15BLII8V_specification.json,costura 55,,
desa_070,desajuste_no_declarado,0.0524 rel,rand_K7OSU7CILO_specification.json,costura 15,,
desa_071,desajuste_no_declarado,0.0101 rel,rand_O65KWA3LVQ_specification.json,costura 22,,
desa_072,desajuste_no_declarado,0.0178 rel,rand_OGR5A7L3I6_specification.json,costura 5,,
desa_073,desajuste_no_declarado,0.0235 rel,rand_QP4Q8F6NNW_specification.json,costura 45,,
desa_074,desajuste_no_declarado,0.0249 rel,rand_QPCRZX4BMS_specification.json,costura 41,,
desa_075,desajuste_no_declarado,0.1232 rel,rand_S13R0HV038_specification.json,costura 0,,
desa_076,desajuste_no_declarado,0.0707 rel,rand_S6CKG8XSEG_specification.json,costura 20,,
desa_077,desajuste_no_declarado,0.0489 rel,rand_SF2KOUN8I4_specification.json,costura 6,,
desa_078,desajuste_no_declarado,0.0249 rel,rand_SNGDON1NQG_specification.json,costura 14,,
desa_079,desajuste_no_declarado,0.0166 rel,rand_UTB1A24Y27_specification.json,costura 17,,
desa_080,desajuste_no_declarado,0.0682 rel,rand_VI59Z8L4Z0_specification.json,costura 27,,
desa_081,desajuste_no_declarado,0.0682 rel,rand_W4G8RIZ970_specification.json,costura 40,,
desa_082,desajuste_no_declarado,0.0744 rel,rand_WDBL5I2ZCI_specification.json,costura 14,,
desa_083,desajuste_no_declarado,0.0707 rel,rand_WSGN5I19ML_specification.json,costura 19,,
desa_084,desajuste_no_declarado,0.0194 rel,rand_X5IFQNTAGM_specification.json,costura 16,,
desa_085,desajuste_no_declarado,0.129 rel,rand_XO6JSA0J2X_specification.json,costura 47,,
desa_086,desajuste_no_declarado,0.0115 rel,rand_YCH2M770LK_specification.json,costura 7,,
desa_087,desajuste_no_declarado,0.0974 rel,rand_YS2KATC83C_specification.json,costura 25,,
desa_088,desajuste_no_declarado,0.0626 rel,rand_Z7HMB363IC_specification.json,costura 10,,
desa_089,desajuste_no_declarado,0.0694 rel,rand_ZBFDITMDQ3_specification.json,costura 24,,
auto_090,auto_interseccion,6 borde,rand_4ZBU17U56F_specification.json,skirt_front.2,,
auto_091,auto_interseccion,6 borde,rand_4ZBU17U56F_specification.json,skirt_front.3,,
auto_092,auto_interseccion,6 borde,rand_GF6CJS3DUN_specification.json,skirt_front.2,,
auto_093,auto_interseccion,6 borde,rand_GF6CJS3DUN_specification.json,skirt_front.3,,
auto_094,auto_interseccion,6 borde,rand_I3SO4JZBRV_specification.json,skirt_front.3,,
exce_095,excede_ancho_rollo,303.2 cm,rand_MZTHIORI0Q_specification.json,skirt_back_4,,
exce_096,excede_ancho_rollo,303.2 cm,rand_MZTHIORI0Q_specification.json,skirt_front_4,,
exce_097,excede_ancho_rollo,199.3 cm,rand_O3YS0OODHR_specification.json,skirt_front_3,,
exce_098,excede_ancho_rollo,199.3 cm,rand_O3YS0OODHR_specification.json,skirt_back_3,,
exce_099,excede_ancho_rollo,191.1 cm,rand_Z2U0W76QCH_specification.json,skirt_back,,
